Savings,Bank Member,Debt,Previous Loan Applicant,Requested Amount,Age
12509.502231042025,True,755.7416189446906,False,8657.376290089815,48.0
26932.384690831965,False,261.448046429813,False,7687.4499496025965,64.0
20299.365891541,True,3476.320748886189,False,9001.635915794048,50.0
45599.56172366962,True,4796.1379911525455,False,7222.732454430645,46.0
20923.733058033493,False,312.34944323288437,False,7541.456460040249,59.0
